{"set_0": "{\"gamma_m\":2.809453133887061,\"gamma_t\":8.469026549565374,\"tau\":[[0.2516742650624234,0.15879409056950475],[0.19810302028336516,0.2414285913515396]],\"rho_self\":0.7913010111330498,\"mu_intensity\":0.014784368922963143,\"beta\":0.06310551046987997,\"w_volume\":0.0910947980353422,\"alpha_moneyness\":95.28660111122011,\"alpha_time\":20.38148801805452,\"dt\":300.0,\"T\":2340,\"contract_volume_mean\":0.5375138603106365,\"contract_volume_std\":0.40562933196265144,\"volume_base\":1.3306717500737242,\"volume_time_decay\":3.2731367444810644,\"volume_moneyness\":3.640009379281572,\"expiry_dts\":[950400,5011200,10108800,14342400],\"strike_prices\":[4049.0,4141.0,4233.0,4326.0,4418.0],\"risk_free\":0.04,\"dividend_rate\":0.015,\"base_scale_init_orders\":0.009134621964188646,\"moneyness_scale_init_orders\":3.0,\"time_scale_init_orders\":1.2,\"base_n_orders_init\":13,\"beta_init\":0.09993248705514537,\"gamma_init\":0.585840638819255,\"init_open_price\":4216.20765338847,\"init_vola\":0.03851659126815708,\"kappa\":1.9962274598523313,\"theta\":0.03607110422297814,\"xi\":0.26798150777171026,\"mu\":0.051612117279039325,\"rho\":-0.6169659407551957,\"limit_order_base_param\":1.0676640411677478,\"limit_order_vol_param\":-0.2660756694934114,\"limit_order_spread_param\":0.4696053062438735,\"limit_order_distance_param\":0.4987439032713951,\"buy_order_base_param\":0.0,\"buy_order_imbalance_param\":1.7351954365391629}", "set_1": "{\"gamma_m\":2.7602549833897294,\"gamma_t\":7.160768484726573,\"tau\":[[0.18255483114637217,0.16454061801187347],[0.20128792478236623,0.3016166057385704]],\"rho_self\":0.6642989380581655,\"mu_intensity\":0.009776985542236228,\"beta\":0.046461564129738994,\"w_volume\":0.10551430677001974,\"alpha_moneyness\":78.37229400788998,\"alpha_time\":29.385676534045306,\"dt\":300.0,\"T\":2340,\"contract_volume_mean\":0.35087210306746713,\"contract_volume_std\":0.8551846689171387,\"volume_base\":1.5450978748953448,\"volume_time_decay\":2.4539713204147735,\"volume_moneyness\":5.044539764989966,\"expiry_dts\":[1036800,3974400,8035200,14169600],\"strike_prices\":[3962.0,4044.0,4127.0,4210.0,4292.0],\"risk_free\":0.04,\"dividend_rate\":0.015,\"base_scale_init_orders\":0.00600347280878997,\"moneyness_scale_init_orders\":3.0,\"time_scale_init_orders\":1.2,\"base_n_orders_init\":15,\"beta_init\":0.0751302460280241,\"gamma_init\":0.49160010827444445,\"init_open_price\":4234.910683202289,\"init_vola\":0.05019136408445621,\"kappa\":2.266364877020796,\"theta\":0.04845634368238783,\"xi\":0.28503908155131513,\"mu\":0.06295077263650352,\"rho\":-0.6287358273357551,\"limit_order_base_param\":1.1043165946372477,\"limit_order_vol_param\":-0.2679121536076105,\"limit_order_spread_param\":0.467061798907908,\"limit_order_distance_param\":0.41229004786194823,\"buy_order_base_param\":0.0,\"buy_order_imbalance_param\":1.6715856389389496}"}